1,2026-06-17 01:12:10.858392+03,SYSTEM,HYPER GRINDER v20.0 (Python) INICIADO.,0.00000,0.0000,9797.24,XAUUSD+,81118671-d5ba-4d49-9fb3-4499b54a3d93
2,2026-06-17 01:12:10.885319+03,SYSTEM,Estado ACTIVE: motor corriendo.,0.00000,0.0000,0.00,XAUUSD+,81118671-d5ba-4d49-9fb3-4499b54a3d93
3,2026-06-17 17:46:29.291607+03,EXITO,Cierre CICLO (Basket Profit Trail). PnL: 6.90,0.00000,0.0000,9802.76,XAUUSD+,81118671-d5ba-4d49-9fb3-4499b54a3d93
4,2026-06-17 17:47:19.82262+03,EXITO,Cierre CICLO (Basket Profit Trail). PnL: 19.09,0.00000,0.0000,9820.93,XAUUSD+,81118671-d5ba-4d49-9fb3-4499b54a3d93
5,2026-06-17 17:47:29.391323+03,EXITO,Cierre CICLO (Basket Profit Trail). PnL: 9.89,0.00000,0.0000,9819.32,XAUUSD+,81118671-d5ba-4d49-9fb3-4499b54a3d93
6,2026-06-17 17:47:51.377393+03,EXITO,Cierre CICLO (Basket Profit Trail). PnL: 25.30,0.00000,0.0000,9873.37,XAUUSD+,81118671-d5ba-4d49-9fb3-4499b54a3d93
7,2026-06-17 17:48:35.885144+03,EXITO,Cierre CICLO (Basket Profit Trail). PnL: 185.84,0.00000,0.0000,10057.83,XAUUSD+,81118671-d5ba-4d49-9fb3-4499b54a3d93
8,2026-06-17 17:49:01.348644+03,EXITO,Cierre CICLO (Basket Profit Trail). PnL: 14.88,0.00000,0.0000,10073.91,XAUUSD+,81118671-d5ba-4d49-9fb3-4499b54a3d93
9,2026-06-17 17:49:42.980718+03,EXITO,Cierre CICLO (Basket Profit Trail). PnL: -2.64,0.00000,0.0000,10069.83,XAUUSD+,81118671-d5ba-4d49-9fb3-4499b54a3d93
10,2026-06-17 17:50:07.226094+03,EXITO,Cierre CICLO (Basket Profit Trail). PnL: 37.20,0.00000,0.0000,10105.59,XAUUSD+,81118671-d5ba-4d49-9fb3-4499b54a3d93
11,2026-06-17 17:50:27.390157+03,EXITO,Cierre CICLO (Basket Profit Trail). PnL: -6.48,0.00000,0.0000,10095.99,XAUUSD+,81118671-d5ba-4d49-9fb3-4499b54a3d93
12,2026-06-17 17:51:28.38865+03,EXITO,Cierre CICLO (Basket Profit Trail). PnL: 80.88,0.00000,0.0000,10174.71,XAUUSD+,81118671-d5ba-4d49-9fb3-4499b54a3d93
13,2026-06-17 17:52:18.765978+03,EXITO,Cierre CICLO (Basket Profit Trail). PnL: 9.84,0.00000,0.0000,10185.03,XAUUSD+,81118671-d5ba-4d49-9fb3-4499b54a3d93
14,2026-06-17 17:52:58.823055+03,EXITO,Cierre CICLO (Basket Profit Trail). PnL: 49.44,0.00000,0.0000,10233.03,XAUUSD+,81118671-d5ba-4d49-9fb3-4499b54a3d93
15,2026-06-17 17:53:22.919559+03,EXITO,Cierre CICLO (Basket Profit Trail). PnL: 5.52,0.00000,0.0000,10237.83,XAUUSD+,81118671-d5ba-4d49-9fb3-4499b54a3d93
16,2026-06-17 19:13:34.417674+03,EXITO,Cierre CICLO (Basket Profit Trail). PnL: 43.68,0.00000,0.0000,10280.55,XAUUSD+,81118671-d5ba-4d49-9fb3-4499b54a3d93
17,2026-06-17 19:13:34.631719+03,SYSTEM,Detencion manual solicitada.,0.00000,0.0000,0.00,XAUUSD+,81118671-d5ba-4d49-9fb3-4499b54a3d93
18,2026-06-17 19:14:42.945089+03,SYSTEM,HYPER GRINDER v20.0 (Python) INICIADO.,0.00000,0.0000,10280.55,XAUUSD+,81118671-d5ba-4d49-9fb3-4499b54a3d93
19,2026-06-17 19:14:42.955653+03,SYSTEM,Estado ACTIVE: motor corriendo.,0.00000,0.0000,0.00,XAUUSD+,81118671-d5ba-4d49-9fb3-4499b54a3d93
20,2026-06-17 19:14:47.964617+03,SYSTEM,Detencion manual solicitada.,0.00000,0.0000,0.00,XAUUSD+,81118671-d5ba-4d49-9fb3-4499b54a3d93
21,2026-06-17 19:15:02.553853+03,SYSTEM,HYPER GRINDER v20.0 (Python) INICIADO.,0.00000,0.0000,10280.55,XAUUSD+,81118671-d5ba-4d49-9fb3-4499b54a3d93
22,2026-06-17 19:15:02.643186+03,SYSTEM,Estado ACTIVE: motor corriendo.,0.00000,0.0000,0.00,XAUUSD+,81118671-d5ba-4d49-9fb3-4499b54a3d93
23,2026-06-17 19:15:04.409324+03,SYSTEM,Detencion manual solicitada.,0.00000,0.0000,0.00,XAUUSD+,81118671-d5ba-4d49-9fb3-4499b54a3d93
24,2026-06-17 19:15:14.738489+03,SYSTEM,HYPER GRINDER v20.0 (Python) INICIADO.,0.00000,0.0000,10280.55,XAUUSD+,81118671-d5ba-4d49-9fb3-4499b54a3d93
25,2026-06-17 19:15:14.749889+03,SYSTEM,Estado ACTIVE: motor corriendo.,0.00000,0.0000,0.00,XAUUSD+,81118671-d5ba-4d49-9fb3-4499b54a3d93
26,2026-06-17 20:33:53.841463+03,EXITO,Cierre CICLO (Basket Profit Trail). PnL: 285.36,0.00000,0.0000,10604.07,XAUUSD+,81118671-d5ba-4d49-9fb3-4499b54a3d93
27,2026-06-17 20:45:33.13506+03,EXITO,Cierre CICLO (Basket Profit Trail). PnL: 25.00,0.00000,0.0000,10626.82,XAUUSD+,81118671-d5ba-4d49-9fb3-4499b54a3d93
28,2026-06-17 20:46:28.919203+03,HEALER,Amputacion Tactica. Lotes: 0.25,-35.25000,72.1440,10590.07,XAUUSD+,81118671-d5ba-4d49-9fb3-4499b54a3d93
29,2026-06-17 20:47:21.03625+03,EXITO,Cierre CICLO (Basket Profit Trail). PnL: -6.00,0.00000,0.0000,10582.57,XAUUSD+,81118671-d5ba-4d49-9fb3-4499b54a3d93
30,2026-06-17 20:47:59.190545+03,HEALER,Amputacion Tactica. Lotes: 0.25,-10.00000,44.4960,10569.07,XAUUSD+,81118671-d5ba-4d49-9fb3-4499b54a3d93
31,2026-06-17 20:50:03.825792+03,EXITO,Cierre CICLO (Basket Profit Trail). PnL: 21.25,0.00000,0.0000,10588.07,XAUUSD+,81118671-d5ba-4d49-9fb3-4499b54a3d93
32,2026-06-17 20:50:42.910728+03,EXITO,Cierre CICLO (Basket Profit Trail). PnL: -1.75,0.00000,0.0000,10585.07,XAUUSD+,81118671-d5ba-4d49-9fb3-4499b54a3d93
33,2026-06-17 20:54:04.476583+03,EXITO,Cierre CICLO (Basket Profit Trail). PnL: 105.75,0.00000,0.0000,10686.07,XAUUSD+,81118671-d5ba-4d49-9fb3-4499b54a3d93
34,2026-06-17 20:56:40.338771+03,EXITO,Cierre CICLO (Basket Profit Trail). PnL: 1.00,0.00000,0.0000,10685.57,XAUUSD+,81118671-d5ba-4d49-9fb3-4499b54a3d93
35,2026-06-17 21:08:03.825637+03,UNWIND,Profit Banking. Money: 1399.25,0.00000,0.0000,1679.58,XAUUSD+,81118671-d5ba-4d49-9fb3-4499b54a3d93
36,2026-06-17 21:17:41.092643+03,EXITO,Cierre CICLO (Basket Profit Trail). PnL: 1.21,0.00000,0.0000,54.60,XAUUSD+,81118671-d5ba-4d49-9fb3-4499b54a3d93
37,2026-06-17 21:24:30.542701+03,EXITO,Cierre CICLO (Basket Profit Trail). PnL: 0.74,0.00000,0.0000,55.29,XAUUSD+,81118671-d5ba-4d49-9fb3-4499b54a3d93
38,2026-06-17 21:30:25.235181+03,EXITO,Cierre CICLO (Basket Profit Trail). PnL: 2.87,0.00000,0.0000,58.10,XAUUSD+,81118671-d5ba-4d49-9fb3-4499b54a3d93
39,2026-06-17 21:33:46.085452+03,EXITO,Cierre CICLO (Basket Profit Trail). PnL: 11.52,0.00000,0.0000,70.98,XAUUSD+,81118671-d5ba-4d49-9fb3-4499b54a3d93
40,2026-06-17 21:34:07.09883+03,EXITO,Cierre CICLO (Basket Profit Trail). PnL: 0.94,0.00000,0.0000,71.86,XAUUSD+,81118671-d5ba-4d49-9fb3-4499b54a3d93
41,2026-06-17 21:34:43.497348+03,EXITO,Cierre CICLO (Basket Profit Trail). PnL: 10.93,0.00000,0.0000,82.73,XAUUSD+,81118671-d5ba-4d49-9fb3-4499b54a3d93
42,2026-06-17 21:35:35.047914+03,EXITO,Cierre CICLO (Basket Profit Trail). PnL: 2.38,0.00000,0.0000,85.06,XAUUSD+,81118671-d5ba-4d49-9fb3-4499b54a3d93
43,2026-06-17 21:57:48.960953+03,EXITO,Cierre CICLO (Rescue Mission Success). PnL: 34.60,0.00000,0.0000,120.07,XAUUSD+,81118671-d5ba-4d49-9fb3-4499b54a3d93
44,2026-06-17 21:59:01.969681+03,EXITO,Cierre CICLO (Basket Profit Trail). PnL: 8.66,0.00000,0.0000,128.62,XAUUSD+,81118671-d5ba-4d49-9fb3-4499b54a3d93
45,2026-06-17 22:00:26.16614+03,EXITO,Cierre CICLO (Basket Profit Trail). PnL: 0.66,0.00000,0.0000,129.22,XAUUSD+,81118671-d5ba-4d49-9fb3-4499b54a3d93
46,2026-06-17 22:02:03.43763+03,EXITO,Cierre CICLO (Basket Profit Trail). PnL: 1.72,0.00000,0.0000,130.45,XAUUSD+,81118671-d5ba-4d49-9fb3-4499b54a3d93
47,2026-06-17 22:03:03.892975+03,EXITO,Cierre CICLO (Basket Profit Trail). PnL: 11.89,0.00000,0.0000,142.92,XAUUSD+,81118671-d5ba-4d49-9fb3-4499b54a3d93
48,2026-06-17 22:03:24.27728+03,EXITO,Cierre CICLO (Basket Profit Trail). PnL: 2.44,0.00000,0.0000,145.03,XAUUSD+,81118671-d5ba-4d49-9fb3-4499b54a3d93
49,2026-06-17 22:04:30.052247+03,EXITO,Cierre CICLO (Basket Profit Trail). PnL: 2.23,0.00000,0.0000,147.21,XAUUSD+,81118671-d5ba-4d49-9fb3-4499b54a3d93
50,2026-06-17 22:05:28.63993+03,EXITO,Cierre CICLO (Basket Profit Trail). PnL: 2.35,0.00000,0.0000,149.35,XAUUSD+,81118671-d5ba-4d49-9fb3-4499b54a3d93
51,2026-06-17 22:06:48.235137+03,EXITO,Cierre CICLO (Basket Profit Trail). PnL: -0.36,0.00000,0.0000,148.93,XAUUSD+,81118671-d5ba-4d49-9fb3-4499b54a3d93
52,2026-06-17 22:07:11.104638+03,EXITO,Cierre CICLO (Basket Profit Trail). PnL: 1.72,0.00000,0.0000,150.64,XAUUSD+,81118671-d5ba-4d49-9fb3-4499b54a3d93
53,2026-06-17 22:11:17.086402+03,EXITO,Cierre CICLO (Basket Profit Trail). PnL: 1.18,0.00000,0.0000,152.09,XAUUSD+,81118671-d5ba-4d49-9fb3-4499b54a3d93
54,2026-06-17 22:11:52.858014+03,EXITO,Cierre CICLO (Basket Profit Trail). PnL: 0.94,0.00000,0.0000,152.87,XAUUSD+,81118671-d5ba-4d49-9fb3-4499b54a3d93
55,2026-06-17 22:13:05.994609+03,EXITO,Cierre CICLO (Basket Profit Trail). PnL: -0.26,0.00000,0.0000,152.55,XAUUSD+,81118671-d5ba-4d49-9fb3-4499b54a3d93
56,2026-06-17 22:13:29.724755+03,EXITO,Cierre CICLO (Basket Profit Trail). PnL: -0.57,0.00000,0.0000,151.92,XAUUSD+,81118671-d5ba-4d49-9fb3-4499b54a3d93
57,2026-06-17 22:14:39.185294+03,EXITO,Cierre CICLO (Basket Profit Trail). PnL: 2.09,0.00000,0.0000,154.27,XAUUSD+,81118671-d5ba-4d49-9fb3-4499b54a3d93
58,2026-06-17 22:15:38.030508+03,EXITO,Cierre CICLO (Basket Profit Trail). PnL: 6.23,0.00000,0.0000,160.47,XAUUSD+,81118671-d5ba-4d49-9fb3-4499b54a3d93
59,2026-06-17 22:17:37.741397+03,EXITO,Cierre CICLO (Basket Profit Trail). PnL: 5.40,0.00000,0.0000,165.83,XAUUSD+,81118671-d5ba-4d49-9fb3-4499b54a3d93
60,2026-06-17 22:18:03.953748+03,EXITO,Cierre CICLO (Basket Profit Trail). PnL: 0.05,0.00000,0.0000,165.82,XAUUSD+,81118671-d5ba-4d49-9fb3-4499b54a3d93
61,2026-06-17 22:20:42.370384+03,EXITO,Cierre CICLO (Basket Profit Trail). PnL: -0.23,0.00000,0.0000,165.53,XAUUSD+,81118671-d5ba-4d49-9fb3-4499b54a3d93
62,2026-06-17 22:21:35.742102+03,EXITO,Cierre CICLO (Basket Profit Trail). PnL: -0.11,0.00000,0.0000,165.32,XAUUSD+,81118671-d5ba-4d49-9fb3-4499b54a3d93
63,2026-06-17 22:23:10.298205+03,EXITO,Cierre CICLO (Basket Profit Trail). PnL: 2.10,0.00000,0.0000,167.33,XAUUSD+,81118671-d5ba-4d49-9fb3-4499b54a3d93
64,2026-06-17 22:25:06.059366+03,EXITO,Cierre CICLO (Basket Profit Trail). PnL: 3.08,0.00000,0.0000,170.35,XAUUSD+,81118671-d5ba-4d49-9fb3-4499b54a3d93
65,2026-06-17 22:25:42.685624+03,EXITO,Cierre CICLO (Basket Profit Trail). PnL: 0.66,0.00000,0.0000,170.95,XAUUSD+,81118671-d5ba-4d49-9fb3-4499b54a3d93
66,2026-06-17 22:27:45.864824+03,EXITO,Cierre CICLO (Basket Profit Trail). PnL: 3.22,0.00000,0.0000,174.11,XAUUSD+,81118671-d5ba-4d49-9fb3-4499b54a3d93
67,2026-06-17 22:32:13.396984+03,EXITO,Cierre CICLO (Basket Profit Trail). PnL: 2.26,0.00000,0.0000,176.35,XAUUSD+,81118671-d5ba-4d49-9fb3-4499b54a3d93
68,2026-06-17 22:32:37.133279+03,EXITO,Cierre CICLO (Basket Profit Trail). PnL: -0.13,0.00000,0.0000,176.07,XAUUSD+,81118671-d5ba-4d49-9fb3-4499b54a3d93
69,2026-06-17 22:33:10.201344+03,EXITO,Cierre CICLO (Basket Profit Trail). PnL: -0.65,0.00000,0.0000,175.36,XAUUSD+,81118671-d5ba-4d49-9fb3-4499b54a3d93
70,2026-06-17 22:33:30.778839+03,EXITO,Cierre CICLO (Basket Profit Trail). PnL: 0.14,0.00000,0.0000,175.44,XAUUSD+,81118671-d5ba-4d49-9fb3-4499b54a3d93
71,2026-06-17 22:34:22.012833+03,EXITO,Cierre CICLO (Basket Profit Trail). PnL: 1.79,0.00000,0.0000,177.17,XAUUSD+,81118671-d5ba-4d49-9fb3-4499b54a3d93
72,2026-06-17 22:35:21.924556+03,EXITO,Cierre CICLO (Basket Profit Trail). PnL: 3.73,0.00000,0.0000,180.89,XAUUSD+,81118671-d5ba-4d49-9fb3-4499b54a3d93
73,2026-06-17 22:36:09.914966+03,EXITO,Cierre CICLO (Basket Profit Trail). PnL: 1.14,0.00000,0.0000,181.97,XAUUSD+,81118671-d5ba-4d49-9fb3-4499b54a3d93
74,2026-06-17 22:36:55.225445+03,EXITO,Cierre CICLO (Basket Profit Trail). PnL: 2.15,0.00000,0.0000,183.91,XAUUSD+,81118671-d5ba-4d49-9fb3-4499b54a3d93
75,2026-06-17 22:39:04.872054+03,EXITO,Cierre CICLO (Basket Profit Trail). PnL: 7.37,0.00000,0.0000,191.03,XAUUSD+,81118671-d5ba-4d49-9fb3-4499b54a3d93
76,2026-06-17 22:40:03.41249+03,EXITO,Cierre CICLO (Basket Profit Trail). PnL: 0.74,0.00000,0.0000,191.71,XAUUSD+,81118671-d5ba-4d49-9fb3-4499b54a3d93
77,2026-06-17 23:18:32.593101+03,SYSTEM,Detencion manual solicitada.,0.00000,0.0000,0.00,XAUUSD+,81118671-d5ba-4d49-9fb3-4499b54a3d93
78,2026-06-18 02:00:51.159954+03,SYSTEM,HYPER GRINDER v20.0 (Python) INICIADO.,0.00000,0.0000,191.68,XAUUSD+,81118671-d5ba-4d49-9fb3-4499b54a3d93
79,2026-06-18 02:00:51.179302+03,SYSTEM,Estado ACTIVE: motor corriendo.,0.00000,0.0000,0.00,XAUUSD+,81118671-d5ba-4d49-9fb3-4499b54a3d93
80,2026-06-18 20:25:45.848293+03,UNWIND,Profit Banking. Money: 53.97,0.00000,0.0000,5053.40,XAUUSD+,81118671-d5ba-4d49-9fb3-4499b54a3d93
81,2026-06-18 20:26:26.900058+03,SYSTEM,Detencion manual solicitada.,0.00000,0.0000,0.00,XAUUSD+,81118671-d5ba-4d49-9fb3-4499b54a3d93
82,2026-06-18 20:26:44.244053+03,SYSTEM,HYPER GRINDER v20.0 (Python) INICIADO.,0.00000,0.0000,7131.53,XAUUSD+,81118671-d5ba-4d49-9fb3-4499b54a3d93
83,2026-06-18 20:26:44.266777+03,SYSTEM,Estado ACTIVE: motor corriendo.,0.00000,0.0000,0.00,XAUUSD+,81118671-d5ba-4d49-9fb3-4499b54a3d93
84,2026-06-18 20:28:02.477719+03,SYSTEM,Detencion manual solicitada.,0.00000,0.0000,0.00,XAUUSD+,81118671-d5ba-4d49-9fb3-4499b54a3d93
85,2026-06-18 20:28:12.872401+03,SYSTEM,HYPER GRINDER v20.0 (Python) INICIADO.,0.00000,0.0000,7131.53,XAUUSD+,81118671-d5ba-4d49-9fb3-4499b54a3d93
86,2026-06-18 20:28:12.894002+03,SYSTEM,Estado ACTIVE: motor corriendo.,0.00000,0.0000,0.00,XAUUSD+,81118671-d5ba-4d49-9fb3-4499b54a3d93
87,2026-06-18 20:30:39.067373+03,EXITO,Cierre CICLO (Basket Profit Trail). PnL: 32.98,0.00000,0.0000,7163.15,XAUUSD+,81118671-d5ba-4d49-9fb3-4499b54a3d93
88,2026-06-18 20:37:43.024425+03,SYSTEM,HYPER GRINDER v20.0 (Python) INICIADO.,0.00000,0.0000,5000.00,XAUUSD+,81118671-d5ba-4d49-9fb3-4499b54a3d93
89,2026-06-18 20:37:43.03396+03,SYSTEM,Estado ACTIVE: motor corriendo.,0.00000,0.0000,0.00,XAUUSD+,81118671-d5ba-4d49-9fb3-4499b54a3d93
90,2026-06-18 20:49:49.804825+03,SYSTEM,HYPER GRINDER v20.0 (Python) INICIADO.,0.00000,0.0000,5000.00,XAUUSD+,81118671-d5ba-4d49-9fb3-4499b54a3d93
91,2026-06-18 20:49:49.843266+03,SYSTEM,Estado ACTIVE: motor corriendo.,0.00000,0.0000,0.00,XAUUSD+,81118671-d5ba-4d49-9fb3-4499b54a3d93
92,2026-06-18 21:03:41.789613+03,SYSTEM,HYPER GRINDER v20.0 (Python) INICIADO.,0.00000,0.0000,5000.00,XAUUSD+,81118671-d5ba-4d49-9fb3-4499b54a3d93
93,2026-06-18 21:03:41.815092+03,SYSTEM,Estado ACTIVE: motor corriendo.,0.00000,0.0000,0.00,XAUUSD+,81118671-d5ba-4d49-9fb3-4499b54a3d93
94,2026-06-18 22:17:04.79728+03,EXITO,Cierre CICLO (Basket Profit Trail). PnL: 21.00,0.00000,0.0000,5020.28,XAUUSD+,81118671-d5ba-4d49-9fb3-4499b54a3d93
95,2026-06-18 22:19:13.949022+03,EXITO,Cierre CICLO (Basket Profit Trail). PnL: 27.48,0.00000,0.0000,5045.72,XAUUSD+,81118671-d5ba-4d49-9fb3-4499b54a3d93
96,2026-06-18 22:32:36.192766+03,EXITO,Cierre CICLO (Basket Profit Trail). PnL: 8.28,0.00000,0.0000,5053.28,XAUUSD+,81118671-d5ba-4d49-9fb3-4499b54a3d93
97,2026-06-18 22:52:52.625885+03,SYSTEM,HYPER GRINDER v20.0 (Python) INICIADO.,0.00000,0.0000,5052.92,XAUUSD+,81118671-d5ba-4d49-9fb3-4499b54a3d93
98,2026-06-18 22:52:52.63827+03,SYSTEM,Estado ACTIVE: motor corriendo.,0.00000,0.0000,0.00,XAUUSD+,81118671-d5ba-4d49-9fb3-4499b54a3d93
99,2026-06-18 23:25:39.498668+03,HEALER,Amputacion Tactica. Lotes: 0.02,-163.56000,28.9170,5025.64,XAUUSD+,81118671-d5ba-4d49-9fb3-4499b54a3d93
100,2026-06-19 01:12:05.017718+03,HEALER,Amputacion Tactica. Lotes: 0.01,-124.10000,18.9000,5011.45,XAUUSD+,81118671-d5ba-4d49-9fb3-4499b54a3d93
101,2026-06-19 01:15:22.940605+03,SYSTEM,HYPER GRINDER v20.0 (Python) INICIADO.,0.00000,0.0000,5000.00,XAUUSD+,81118671-d5ba-4d49-9fb3-4499b54a3d93
102,2026-06-19 01:15:23.019574+03,SYSTEM,Estado ACTIVE: motor corriendo.,0.00000,0.0000,0.00,XAUUSD+,81118671-d5ba-4d49-9fb3-4499b54a3d93
103,2026-06-19 02:17:44.778489+03,EXITO,Cierre CICLO (Basket Profit Trail). PnL: 12.72,0.00000,0.0000,5012.12,XAUUSD+,81118671-d5ba-4d49-9fb3-4499b54a3d93
104,2026-06-19 02:26:16.076405+03,EXITO,Cierre CICLO (Basket Profit Trail). PnL: 8.40,0.00000,0.0000,5019.80,XAUUSD+,81118671-d5ba-4d49-9fb3-4499b54a3d93
105,2026-06-19 02:45:36.771768+03,EXITO,Cierre CICLO (Basket Profit Trail). PnL: 67.68,0.00000,0.0000,5086.16,XAUUSD+,81118671-d5ba-4d49-9fb3-4499b54a3d93
106,2026-06-19 02:57:50.170378+03,EXITO,Cierre CICLO (Basket Profit Trail). PnL: 9.00,0.00000,0.0000,5094.44,XAUUSD+,81118671-d5ba-4d49-9fb3-4499b54a3d93
107,2026-06-19 03:07:10.848511+03,EXITO,Cierre CICLO (Basket Profit Trail). PnL: 26.28,0.00000,0.0000,5119.88,XAUUSD+,81118671-d5ba-4d49-9fb3-4499b54a3d93
108,2026-06-19 03:08:09.797782+03,EXITO,Cierre CICLO (Basket Profit Trail). PnL: 8.28,0.00000,0.0000,5128.52,XAUUSD+,81118671-d5ba-4d49-9fb3-4499b54a3d93
109,2026-06-19 03:14:28.429229+03,EXITO,Cierre CICLO (Basket Profit Trail). PnL: 8.40,0.00000,0.0000,5136.20,XAUUSD+,81118671-d5ba-4d49-9fb3-4499b54a3d93
110,2026-06-19 03:22:10.758724+03,EXITO,Cierre CICLO (Basket Profit Trail). PnL: 4.68,0.00000,0.0000,5140.16,XAUUSD+,81118671-d5ba-4d49-9fb3-4499b54a3d93
111,2026-06-19 03:28:15.520979+03,EXITO,Cierre CICLO (Basket Profit Trail). PnL: 7.08,0.00000,0.0000,5146.52,XAUUSD+,81118671-d5ba-4d49-9fb3-4499b54a3d93
112,2026-06-19 04:19:35.149228+03,EXITO,Cierre CICLO (Basket Profit Trail). PnL: 6.48,0.00000,0.0000,5152.28,XAUUSD+,81118671-d5ba-4d49-9fb3-4499b54a3d93
113,2026-06-19 05:16:05.451609+03,EXITO,Cierre CICLO (Basket Profit Trail). PnL: 36.24,0.00000,0.0000,5187.80,XAUUSD+,81118671-d5ba-4d49-9fb3-4499b54a3d93
114,2026-06-19 05:17:21.405392+03,EXITO,Cierre CICLO (Basket Profit Trail). PnL: 4.80,0.00000,0.0000,5191.88,XAUUSD+,81118671-d5ba-4d49-9fb3-4499b54a3d93
115,2026-06-19 05:21:17.093911+03,HEALER,Amputacion Tactica. Lotes: 0.06,-13.08000,7.5600,5184.80,XAUUSD+,81118671-d5ba-4d49-9fb3-4499b54a3d93
116,2026-06-19 05:40:36.818055+03,HEALER,Amputacion Tactica. Lotes: 0.06,-30.24000,60.3720,5154.44,XAUUSD+,81118671-d5ba-4d49-9fb3-4499b54a3d93
117,2026-06-19 05:47:22.962039+03,EXITO,Cierre CICLO (Basket Profit Trail). PnL: 51.24,0.00000,0.0000,5204.96,XAUUSD+,81118671-d5ba-4d49-9fb3-4499b54a3d93
118,2026-06-19 05:51:01.009708+03,EXITO,Cierre CICLO (Basket Profit Trail). PnL: 8.52,0.00000,0.0000,5213.36,XAUUSD+,81118671-d5ba-4d49-9fb3-4499b54a3d93
119,2026-06-19 05:51:46.201487+03,EXITO,Cierre CICLO (Basket Profit Trail). PnL: 9.96,0.00000,0.0000,5222.60,XAUUSD+,81118671-d5ba-4d49-9fb3-4499b54a3d93
120,2026-06-19 05:52:51.143801+03,HEALER,Amputacion Tactica. Lotes: 0.12,-0.60000,8.1000,5221.28,XAUUSD+,81118671-d5ba-4d49-9fb3-4499b54a3d93
121,2026-06-19 06:02:11.253285+03,HEALER,Amputacion Tactica. Lotes: 0.12,-17.52000,23.5440,5203.04,XAUUSD+,81118671-d5ba-4d49-9fb3-4499b54a3d93
122,2026-06-19 06:03:10.71681+03,EXITO,Cierre CICLO (Basket Profit Trail). PnL: 26.64,0.00000,0.0000,5228.96,XAUUSD+,81118671-d5ba-4d49-9fb3-4499b54a3d93
123,2026-06-19 06:29:43.842461+03,EXITO,Cierre CICLO (Basket Profit Trail). PnL: 14.76,0.00000,0.0000,5243.00,XAUUSD+,81118671-d5ba-4d49-9fb3-4499b54a3d93
124,2026-06-19 08:35:00.267653+03,EXITO,Cierre CICLO (Basket Profit Trail). PnL: 50.16,0.00000,0.0000,5292.44,XAUUSD+,81118671-d5ba-4d49-9fb3-4499b54a3d93
125,2026-06-19 15:53:23.869276+03,VCB,Circuit breaker de volatilidad ACTIVADO.,0.00000,0.0000,5292.44,XAUUSD+,81118671-d5ba-4d49-9fb3-4499b54a3d93
126,2026-06-19 16:00:00.319591+03,VCB,Circuit breaker de volatilidad liberado.,0.00000,0.0000,5292.44,XAUUSD+,81118671-d5ba-4d49-9fb3-4499b54a3d93
127,2026-06-19 18:59:58.308101+03,SYSTEM,HYPER GRINDER v20.0 (Python) INICIADO.,0.00000,0.0000,5000.00,XAUUSD+,81118671-d5ba-4d49-9fb3-4499b54a3d93
128,2026-06-19 18:59:58.355145+03,SYSTEM,Estado ACTIVE: motor corriendo.,0.00000,0.0000,0.00,XAUUSD+,81118671-d5ba-4d49-9fb3-4499b54a3d93
129,2026-06-22 10:15:53.360558+03,EXITO,Cierre CICLO (Basket Profit Trail). PnL: 15.84,0.00000,0.0000,5015.12,XAUUSD+,81118671-d5ba-4d49-9fb3-4499b54a3d93
130,2026-06-22 12:04:54.59593+03,EXITO,Cierre CICLO (Basket Profit Trail). PnL: 10.80,0.00000,0.0000,5025.20,XAUUSD+,81118671-d5ba-4d49-9fb3-4499b54a3d93
131,2026-06-22 13:03:03.858094+03,EXITO,Cierre CICLO (Basket Profit Trail). PnL: 7.32,0.00000,0.0000,5031.68,XAUUSD+,81118671-d5ba-4d49-9fb3-4499b54a3d93
132,2026-06-22 13:09:38.72571+03,EXITO,Cierre CICLO (Basket Profit Trail). PnL: 18.96,0.00000,0.0000,5046.68,XAUUSD+,81118671-d5ba-4d49-9fb3-4499b54a3d93
133,2026-06-22 13:11:53.038479+03,EXITO,Cierre CICLO (Basket Profit Trail). PnL: 32.76,0.00000,0.0000,5078.72,XAUUSD+,81118671-d5ba-4d49-9fb3-4499b54a3d93
134,2026-06-22 14:07:01.353589+03,EXITO,Cierre CICLO (Basket Profit Trail). PnL: 4.68,0.00000,0.0000,5081.96,XAUUSD+,81118671-d5ba-4d49-9fb3-4499b54a3d93
135,2026-06-22 16:01:52.632449+03,EXITO,Cierre CICLO (Basket Profit Trail). PnL: 13.80,0.00000,0.0000,5095.04,XAUUSD+,81118671-d5ba-4d49-9fb3-4499b54a3d93
136,2026-06-22 16:06:48.777628+03,EXITO,Cierre CICLO (Basket Profit Trail). PnL: 8.76,0.00000,0.0000,5103.08,XAUUSD+,81118671-d5ba-4d49-9fb3-4499b54a3d93
137,2026-06-22 16:07:26.265316+03,EXITO,Cierre CICLO (Basket Profit Trail). PnL: 14.40,0.00000,0.0000,5117.00,XAUUSD+,81118671-d5ba-4d49-9fb3-4499b54a3d93
138,2026-06-22 16:26:02.380348+03,EXITO,Cierre CICLO (Basket Profit Trail). PnL: 7.08,0.00000,0.0000,5123.36,XAUUSD+,81118671-d5ba-4d49-9fb3-4499b54a3d93
139,2026-06-22 16:28:16.664385+03,EXITO,Cierre CICLO (Basket Profit Trail). PnL: 12.96,0.00000,0.0000,5135.60,XAUUSD+,81118671-d5ba-4d49-9fb3-4499b54a3d93
140,2026-06-22 16:29:02.274922+03,EXITO,Cierre CICLO (Basket Profit Trail). PnL: 38.88,0.00000,0.0000,5173.76,XAUUSD+,81118671-d5ba-4d49-9fb3-4499b54a3d93
141,2026-06-22 16:30:23.776041+03,EXITO,Cierre CICLO (Basket Profit Trail). PnL: 24.36,0.00000,0.0000,5192.84,XAUUSD+,81118671-d5ba-4d49-9fb3-4499b54a3d93
142,2026-06-23 04:44:19.755592+03,VCB,Circuit breaker de volatilidad ACTIVADO.,0.00000,0.0000,5192.12,XAUUSD+,81118671-d5ba-4d49-9fb3-4499b54a3d93
143,2026-06-23 04:45:01.161808+03,VCB,Circuit breaker de volatilidad liberado.,0.00000,0.0000,5192.12,XAUUSD+,81118671-d5ba-4d49-9fb3-4499b54a3d93
144,2026-06-23 16:06:25.121826+03,HEALER,Amputacion Tactica. Lotes: 0.02,-987.96000,181.9800,5025.30,XAUUSD+,81118671-d5ba-4d49-9fb3-4499b54a3d93
145,2026-06-23 16:07:16.401258+03,UNWIND,Profit Banking. Money: 818.05,0.00000,0.0000,5844.67,XAUUSD+,81118671-d5ba-4d49-9fb3-4499b54a3d93
146,2026-06-23 17:38:39.65328+03,UNWIND,Profit Banking. Money: 250.58,0.00000,0.0000,6094.15,XAUUSD+,81118671-d5ba-4d49-9fb3-4499b54a3d93
147,2026-06-23 19:02:16.779596+03,HEALER,Amputacion Tactica. Lotes: 0.10,-629.20000,734.8320,5776.22,XAUUSD+,81118671-d5ba-4d49-9fb3-4499b54a3d93
148,2026-06-23 20:33:40.204389+03,HEALER,Amputacion Tactica. Lotes: 0.21,-229.24000,227.5020,5556.77,XAUUSD+,81118671-d5ba-4d49-9fb3-4499b54a3d93
149,2026-06-23 20:33:40.313281+03,UNWIND,Profit Banking. Money: 146.08,0.00000,0.0000,5705.05,XAUUSD+,81118671-d5ba-4d49-9fb3-4499b54a3d93
150,2026-06-23 20:38:16.905479+03,HEALER,Amputacion Tactica. Lotes: 0.22,-59.40000,153.8460,5644.99,XAUUSD+,81118671-d5ba-4d49-9fb3-4499b54a3d93
151,2026-06-23 20:55:35.495495+03,HEALER,Amputacion Tactica. Lotes: 0.22,-12.54000,53.0640,5631.35,XAUUSD+,81118671-d5ba-4d49-9fb3-4499b54a3d93
152,2026-06-23 21:04:10.57192+03,UNWIND,Profit Banking. Money: 32.56,0.00000,0.0000,5666.33,XAUUSD+,81118671-d5ba-4d49-9fb3-4499b54a3d93
153,2026-06-23 23:00:42.452185+03,EXITO,Cierre CICLO (Basket Profit Trail). PnL: 7.48,0.00000,0.0000,5673.72,XAUUSD+,81118671-d5ba-4d49-9fb3-4499b54a3d93
154,2026-06-23 23:16:10.24885+03,EXITO,Cierre CICLO (Basket Profit Trail). PnL: 23.27,0.00000,0.0000,5696.21,XAUUSD+,81118671-d5ba-4d49-9fb3-4499b54a3d93
155,2026-06-23 23:18:19.980069+03,EXITO,Cierre CICLO (Basket Profit Trail). PnL: 7.41,0.00000,0.0000,5702.84,XAUUSD+,81118671-d5ba-4d49-9fb3-4499b54a3d93
156,2026-06-23 23:22:40.980509+03,EXITO,Cierre CICLO (Basket Profit Trail). PnL: 8.97,0.00000,0.0000,5711.03,XAUUSD+,81118671-d5ba-4d49-9fb3-4499b54a3d93
157,2026-06-24 01:20:28.937211+03,EXITO,Cierre CICLO (Basket Profit Trail). PnL: 9.11,0.00000,0.0000,5717.15,XAUUSD+,81118671-d5ba-4d49-9fb3-4499b54a3d93
158,2026-06-24 01:32:02.446215+03,EXITO,Cierre CICLO (Basket Profit Trail). PnL: 8.45,0.00000,0.0000,5724.82,XAUUSD+,81118671-d5ba-4d49-9fb3-4499b54a3d93
159,2026-06-24 01:34:02.565513+03,EXITO,Cierre CICLO (Basket Profit Trail). PnL: 34.06,0.00000,0.0000,5756.41,XAUUSD+,81118671-d5ba-4d49-9fb3-4499b54a3d93
160,2026-06-24 01:34:48.381336+03,EXITO,Cierre CICLO (Basket Profit Trail). PnL: 38.87,0.00000,0.0000,5794.50,XAUUSD+,81118671-d5ba-4d49-9fb3-4499b54a3d93
161,2026-06-24 02:05:26.130629+03,EXITO,Cierre CICLO (Basket Profit Trail). PnL: 28.34,0.00000,0.0000,5821.67,XAUUSD+,81118671-d5ba-4d49-9fb3-4499b54a3d93
162,2026-06-24 02:32:02.597784+03,EXITO,Cierre CICLO (Basket Profit Trail). PnL: 5.07,0.00000,0.0000,5826.87,XAUUSD+,81118671-d5ba-4d49-9fb3-4499b54a3d93
163,2026-06-24 02:32:50.435416+03,EXITO,Cierre CICLO (Basket Profit Trail). PnL: 9.36,0.00000,0.0000,5835.06,XAUUSD+,81118671-d5ba-4d49-9fb3-4499b54a3d93
164,2026-06-24 02:37:51.715704+03,EXITO,Cierre CICLO (Basket Profit Trail). PnL: 19.46,0.00000,0.0000,5851.16,XAUUSD+,81118671-d5ba-4d49-9fb3-4499b54a3d93
165,2026-06-24 02:38:43.209266+03,EXITO,Cierre CICLO (Basket Profit Trail). PnL: 93.94,0.00000,0.0000,5944.40,XAUUSD+,81118671-d5ba-4d49-9fb3-4499b54a3d93
166,2026-06-24 03:25:05.123999+03,HEALER,Amputacion Tactica. Lotes: 0.14,-148.68000,293.2290,5795.78,XAUUSD+,81118671-d5ba-4d49-9fb3-4499b54a3d93
167,2026-06-24 04:00:18.472011+03,UNWIND,Profit Banking. Money: 80.34,0.00000,0.0000,5874.56,XAUUSD+,81118671-d5ba-4d49-9fb3-4499b54a3d93
168,2026-06-24 04:02:09.197019+03,EXITO,Cierre CICLO (Basket Profit Trail). PnL: 36.68,0.00000,0.0000,5909.56,XAUUSD+,81118671-d5ba-4d49-9fb3-4499b54a3d93
169,2026-06-24 04:06:02.083704+03,VCB,Circuit breaker de volatilidad ACTIVADO.,0.00000,0.0000,5909.56,XAUUSD+,81118671-d5ba-4d49-9fb3-4499b54a3d93
170,2026-06-24 04:15:00.573191+03,VCB,Circuit breaker de volatilidad liberado.,0.00000,0.0000,5909.56,XAUUSD+,81118671-d5ba-4d49-9fb3-4499b54a3d93
171,2026-06-24 05:47:20.45257+03,EXITO,Cierre CICLO (Basket Profit Trail). PnL: 16.94,0.00000,0.0000,5925.66,XAUUSD+,81118671-d5ba-4d49-9fb3-4499b54a3d93
172,2026-06-24 06:06:24.239405+03,EXITO,Cierre CICLO (Basket Profit Trail). PnL: 39.62,0.00000,0.0000,5964.44,XAUUSD+,81118671-d5ba-4d49-9fb3-4499b54a3d93
173,2026-06-24 06:07:08.214901+03,EXITO,Cierre CICLO (Basket Profit Trail). PnL: 11.90,0.00000,0.0000,5974.94,XAUUSD+,81118671-d5ba-4d49-9fb3-4499b54a3d93
174,2026-06-24 06:18:10.739249+03,EXITO,Cierre CICLO (Basket Profit Trail). PnL: 35.56,0.00000,0.0000,6009.10,XAUUSD+,81118671-d5ba-4d49-9fb3-4499b54a3d93
175,2026-06-24 12:36:25.719198+03,EXITO,Cierre CICLO (Basket Profit Trail). PnL: 20.72,0.00000,0.0000,6029.26,XAUUSD+,81118671-d5ba-4d49-9fb3-4499b54a3d93
176,2026-06-24 12:41:15.570868+03,EXITO,Cierre CICLO (Basket Profit Trail). PnL: 20.86,0.00000,0.0000,6049.28,XAUUSD+,81118671-d5ba-4d49-9fb3-4499b54a3d93
177,2026-06-24 12:43:11.741877+03,EXITO,Cierre CICLO (Basket Profit Trail). PnL: 5.46,0.00000,0.0000,6053.90,XAUUSD+,81118671-d5ba-4d49-9fb3-4499b54a3d93
178,2026-06-24 13:00:06.232858+03,EXITO,Cierre CICLO (Basket Profit Trail). PnL: 10.22,0.00000,0.0000,6063.28,XAUUSD+,81118671-d5ba-4d49-9fb3-4499b54a3d93
179,2026-06-24 13:00:52.765173+03,EXITO,Cierre CICLO (Basket Profit Trail). PnL: 21.00,0.00000,0.0000,6083.44,XAUUSD+,81118671-d5ba-4d49-9fb3-4499b54a3d93
180,2026-06-24 13:02:27.513068+03,EXITO,Cierre CICLO (Basket Profit Trail). PnL: 18.48,0.00000,0.0000,6101.22,XAUUSD+,81118671-d5ba-4d49-9fb3-4499b54a3d93
242,2026-06-29 04:02:56.265334+03,HEALER,Amputacion Tactica. Lotes: 0.23,-816.24000,511.9200,8915.87,XAUUSD+,81118671-d5ba-4d49-9fb3-4499b54a3d93
181,2026-06-24 13:10:24.201194+03,EXITO,Cierre CICLO (Basket Profit Trail). PnL: 7.84,0.00000,0.0000,6107.94,XAUUSD+,81118671-d5ba-4d49-9fb3-4499b54a3d93
182,2026-06-24 13:17:37.818144+03,EXITO,Cierre CICLO (Basket Profit Trail). PnL: 53.06,0.00000,0.0000,6160.16,XAUUSD+,81118671-d5ba-4d49-9fb3-4499b54a3d93
183,2026-06-24 13:56:19.395139+03,EXITO,Cierre CICLO (Basket Profit Trail). PnL: 14.84,0.00000,0.0000,6174.16,XAUUSD+,81118671-d5ba-4d49-9fb3-4499b54a3d93
184,2026-06-24 14:04:45.976064+03,EXITO,Cierre CICLO (Basket Profit Trail). PnL: 33.88,0.00000,0.0000,6207.06,XAUUSD+,81118671-d5ba-4d49-9fb3-4499b54a3d93
185,2026-06-24 14:06:08.044251+03,EXITO,Cierre CICLO (Basket Profit Trail). PnL: 36.96,0.00000,0.0000,6243.18,XAUUSD+,81118671-d5ba-4d49-9fb3-4499b54a3d93
186,2026-06-24 14:14:02.027672+03,EXITO,Cierre CICLO (Basket Profit Trail). PnL: 7.00,0.00000,0.0000,6249.06,XAUUSD+,81118671-d5ba-4d49-9fb3-4499b54a3d93
187,2026-06-24 14:16:02.137907+03,EXITO,Cierre CICLO (Basket Profit Trail). PnL: 60.76,0.00000,0.0000,6308.42,XAUUSD+,81118671-d5ba-4d49-9fb3-4499b54a3d93
188,2026-06-24 14:16:38.920153+03,EXITO,Cierre CICLO (Basket Profit Trail). PnL: 23.70,0.00000,0.0000,6327.77,XAUUSD+,81118671-d5ba-4d49-9fb3-4499b54a3d93
189,2026-06-24 15:08:08.363399+03,EXITO,Cierre CICLO (Basket Profit Trail). PnL: 36.30,0.00000,0.0000,6363.62,XAUUSD+,81118671-d5ba-4d49-9fb3-4499b54a3d93
190,2026-06-24 15:25:59.591175+03,VCB,Circuit breaker de volatilidad ACTIVADO.,0.00000,0.0000,6363.62,XAUUSD+,81118671-d5ba-4d49-9fb3-4499b54a3d93
191,2026-06-24 15:30:00.265793+03,VCB,Circuit breaker de volatilidad liberado.,0.00000,0.0000,6363.62,XAUUSD+,81118671-d5ba-4d49-9fb3-4499b54a3d93
192,2026-06-24 15:34:36.02159+03,EXITO,Cierre CICLO (Basket Profit Trail). PnL: 45.00,0.00000,0.0000,6407.72,XAUUSD+,81118671-d5ba-4d49-9fb3-4499b54a3d93
193,2026-06-24 16:34:58.898886+03,EXITO,Cierre CICLO (Basket Profit Trail). PnL: 30.00,0.00000,0.0000,6436.82,XAUUSD+,81118671-d5ba-4d49-9fb3-4499b54a3d93
194,2026-06-24 16:57:15.304485+03,HEALER,Amputacion Tactica. Lotes: 0.11,-750.60000,564.7410,5885.85,XAUUSD+,81118671-d5ba-4d49-9fb3-4499b54a3d93
195,2026-06-24 16:57:15.730856+03,UNWIND,Profit Banking. Money: 262.35,0.00000,0.0000,6140.40,XAUUSD+,81118671-d5ba-4d49-9fb3-4499b54a3d93
196,2026-06-24 16:58:11.746632+03,UNWIND,Profit Banking. Money: 204.68,0.00000,0.0000,6350.12,XAUUSD+,81118671-d5ba-4d49-9fb3-4499b54a3d93
197,2026-06-24 17:43:14.864322+03,HEALER,Amputacion Tactica. Lotes: 0.04,-96.28000,142.0830,6253.08,XAUUSD+,81118671-d5ba-4d49-9fb3-4499b54a3d93
198,2026-06-24 17:46:47.201691+03,UNWIND,Profit Banking. Money: 94.08,0.00000,0.0000,6349.68,XAUUSD+,81118671-d5ba-4d49-9fb3-4499b54a3d93
199,2026-06-24 21:03:50.39574+03,HEALER,Amputacion Tactica. Lotes: 0.04,-289.04000,607.2750,6061.72,XAUUSD+,81118671-d5ba-4d49-9fb3-4499b54a3d93
200,2026-06-24 21:03:50.715558+03,UNWIND,Profit Banking. Money: 145.84,0.00000,0.0000,6208.00,XAUUSD+,81118671-d5ba-4d49-9fb3-4499b54a3d93
201,2026-06-25 02:35:00.72717+03,HEALER,Amputacion Tactica. Lotes: 0.02,-1343.72000,131.7600,6112.03,XAUUSD+,81118671-d5ba-4d49-9fb3-4499b54a3d93
202,2026-06-25 03:18:41.126108+03,UNWIND,Profit Banking. Money: 270.96,0.00000,0.0000,6418.75,XAUUSD+,81118671-d5ba-4d49-9fb3-4499b54a3d93
203,2026-06-25 03:27:08.980546+03,UNWIND,Profit Banking. Money: 296.64,0.00000,0.0000,6876.91,XAUUSD+,81118671-d5ba-4d49-9fb3-4499b54a3d93
204,2026-06-25 03:32:12.585525+03,UNWIND,Profit Banking. Money: 374.88,0.00000,0.0000,7253.95,XAUUSD+,81118671-d5ba-4d49-9fb3-4499b54a3d93
205,2026-06-25 03:38:23.67491+03,UNWIND,Profit Banking. Money: 516.00,0.00000,0.0000,7772.11,XAUUSD+,81118671-d5ba-4d49-9fb3-4499b54a3d93
206,2026-06-25 04:02:31.259601+03,GRINDER,TimeStop Activado. Limpiando zona.,-52.05000,0.0000,8129.03,XAUUSD+,81118671-d5ba-4d49-9fb3-4499b54a3d93
207,2026-06-25 04:05:07.345301+03,UNWIND,Profit Banking. Money: 309.06,0.00000,0.0000,8440.13,XAUUSD+,81118671-d5ba-4d49-9fb3-4499b54a3d93
208,2026-06-25 06:13:42.470131+03,HEALER,Amputacion Tactica. Lotes: 0.11,-652.68000,262.4400,8851.74,XAUUSD+,81118671-d5ba-4d49-9fb3-4499b54a3d93
209,2026-06-25 06:16:23.335042+03,HEALER,Amputacion Tactica. Lotes: 0.08,-308.55000,152.4960,8687.40,XAUUSD+,81118671-d5ba-4d49-9fb3-4499b54a3d93
210,2026-06-25 06:22:08.759464+03,HEALER,Amputacion Tactica. Lotes: 0.17,-398.58000,262.4400,8439.59,XAUUSD+,81118671-d5ba-4d49-9fb3-4499b54a3d93
211,2026-06-25 06:27:13.591608+03,HEALER,Amputacion Tactica. Lotes: 0.38,-167.20000,339.9840,8269.73,XAUUSD+,81118671-d5ba-4d49-9fb3-4499b54a3d93
212,2026-06-25 06:33:24.513065+03,HEALER,Amputacion Tactica. Lotes: 0.09,-156.78000,466.9920,8091.42,XAUUSD+,81118671-d5ba-4d49-9fb3-4499b54a3d93
213,2026-06-25 06:36:21.638225+03,UNWIND,Profit Banking. Money: 104.88,0.00000,0.0000,8195.16,XAUUSD+,81118671-d5ba-4d49-9fb3-4499b54a3d93
214,2026-06-25 10:41:13.509723+03,HEALER,Amputacion Tactica. Lotes: 0.09,-146.07000,1378.1340,8054.72,XAUUSD+,81118671-d5ba-4d49-9fb3-4499b54a3d93
215,2026-06-25 10:45:29.353284+03,UNWIND,Profit Banking. Money: 177.84,0.00000,0.0000,8242.06,XAUUSD+,81118671-d5ba-4d49-9fb3-4499b54a3d93
216,2026-06-25 11:01:28.712182+03,EXITO,Cierre CICLO (Basket Profit Trail). PnL: 15.03,0.00000,0.0000,8256.82,XAUUSD+,81118671-d5ba-4d49-9fb3-4499b54a3d93
217,2026-06-25 23:42:01.542527+03,EXITO,Cierre CICLO (Basket Profit Trail). PnL: 11.02,0.00000,0.0000,8265.18,XAUUSD+,81118671-d5ba-4d49-9fb3-4499b54a3d93
218,2026-06-26 03:04:32.570748+03,EXITO,Cierre CICLO (Basket Profit Trail). PnL: 8.55,0.00000,0.0000,8272.59,XAUUSD+,81118671-d5ba-4d49-9fb3-4499b54a3d93
219,2026-06-26 03:05:14.114602+03,EXITO,Cierre CICLO (Basket Profit Trail). PnL: 39.14,0.00000,0.0000,8310.59,XAUUSD+,81118671-d5ba-4d49-9fb3-4499b54a3d93
220,2026-06-26 03:05:48.446506+03,EXITO,Cierre CICLO (Basket Profit Trail). PnL: 13.30,0.00000,0.0000,8322.75,XAUUSD+,81118671-d5ba-4d49-9fb3-4499b54a3d93
221,2026-06-26 03:08:01.111726+03,EXITO,Cierre CICLO (Basket Profit Trail). PnL: 8.74,0.00000,0.0000,8329.59,XAUUSD+,81118671-d5ba-4d49-9fb3-4499b54a3d93
222,2026-06-26 05:20:14.145259+03,EXITO,Cierre CICLO (Basket Profit Trail). PnL: 63.46,0.00000,0.0000,8391.91,XAUUSD+,81118671-d5ba-4d49-9fb3-4499b54a3d93
223,2026-06-26 05:30:10.707961+03,EXITO,Cierre CICLO (Basket Profit Trail). PnL: 37.40,0.00000,0.0000,8428.91,XAUUSD+,81118671-d5ba-4d49-9fb3-4499b54a3d93
224,2026-06-26 05:33:41.730809+03,EXITO,Cierre CICLO (Basket Profit Trail). PnL: 75.00,0.00000,0.0000,8502.71,XAUUSD+,81118671-d5ba-4d49-9fb3-4499b54a3d93
225,2026-06-26 05:36:28.707258+03,EXITO,Cierre CICLO (Basket Profit Trail). PnL: 5.40,0.00000,0.0000,8506.11,XAUUSD+,81118671-d5ba-4d49-9fb3-4499b54a3d93
226,2026-06-26 05:38:30.083626+03,EXITO,Cierre CICLO (Basket Profit Trail). PnL: 179.80,0.00000,0.0000,8684.71,XAUUSD+,81118671-d5ba-4d49-9fb3-4499b54a3d93
227,2026-06-26 05:47:01.801545+03,EXITO,Cierre CICLO (Basket Profit Trail). PnL: 13.80,0.00000,0.0000,8695.51,XAUUSD+,81118671-d5ba-4d49-9fb3-4499b54a3d93
228,2026-06-26 05:54:00.218222+03,EXITO,Cierre CICLO (Basket Profit Trail). PnL: 97.00,0.00000,0.0000,8791.31,XAUUSD+,81118671-d5ba-4d49-9fb3-4499b54a3d93
229,2026-06-26 05:56:07.82887+03,EXITO,Cierre CICLO (Basket Profit Trail). PnL: 30.87,0.00000,0.0000,8820.92,XAUUSD+,81118671-d5ba-4d49-9fb3-4499b54a3d93
230,2026-06-26 08:39:56.541884+03,HEALER,Amputacion Tactica. Lotes: 0.19,-621.81000,578.7360,8254.73,XAUUSD+,81118671-d5ba-4d49-9fb3-4499b54a3d93
231,2026-06-26 08:39:56.739417+03,UNWIND,Profit Banking. Money: 195.72,0.00000,0.0000,8451.29,XAUUSD+,81118671-d5ba-4d49-9fb3-4499b54a3d93
232,2026-06-26 08:44:34.369956+03,UNWIND,Profit Banking. Money: 83.60,0.00000,0.0000,8538.49,XAUUSD+,81118671-d5ba-4d49-9fb3-4499b54a3d93
233,2026-06-26 09:22:21.863276+03,HEALER,Amputacion Tactica. Lotes: 0.02,-75.36000,125.8830,8461.85,XAUUSD+,81118671-d5ba-4d49-9fb3-4499b54a3d93
234,2026-06-26 09:23:01.816045+03,UNWIND,Profit Banking. Money: 35.20,0.00000,0.0000,8499.85,XAUUSD+,81118671-d5ba-4d49-9fb3-4499b54a3d93
235,2026-06-26 09:23:02.016571+03,EXITO,Cierre CICLO (Basket Profit Trail). PnL: 17.08,0.00000,0.0000,8516.87,XAUUSD+,81118671-d5ba-4d49-9fb3-4499b54a3d93
236,2026-06-26 12:34:12.878817+03,EXITO,Cierre CICLO (Basket Profit Trail). PnL: 17.80,0.00000,0.0000,8533.27,XAUUSD+,81118671-d5ba-4d49-9fb3-4499b54a3d93
237,2026-06-26 12:35:37.247599+03,EXITO,Cierre CICLO (Basket Profit Trail). PnL: 39.60,0.00000,0.0000,8571.67,XAUUSD+,81118671-d5ba-4d49-9fb3-4499b54a3d93
238,2026-06-26 12:38:02.752963+03,EXITO,Cierre CICLO (Basket Profit Trail). PnL: 10.60,0.00000,0.0000,8581.07,XAUUSD+,81118671-d5ba-4d49-9fb3-4499b54a3d93
239,2026-06-26 13:35:08.883691+03,EXITO,Cierre CICLO (Basket Profit Trail). PnL: 9.00,0.00000,0.0000,8588.87,XAUUSD+,81118671-d5ba-4d49-9fb3-4499b54a3d93
240,2026-06-29 01:07:55.712165+03,UNWIND,Profit Banking. Money: 549.25,0.00000,0.0000,9242.72,XAUUSD+,81118671-d5ba-4d49-9fb3-4499b54a3d93
241,2026-06-29 03:58:18.577107+03,HEALER,Amputacion Tactica. Lotes: 0.02,-680.80000,96.4440,9410.60,XAUUSD+,81118671-d5ba-4d49-9fb3-4499b54a3d93
243,2026-06-29 04:03:16.923133+03,HEALER,Amputacion Tactica. Lotes: 0.14,-602.80000,215.1180,8704.05,XAUUSD+,81118671-d5ba-4d49-9fb3-4499b54a3d93
244,2026-06-29 13:33:03.011069+03,GRINDER,TimeStop Activado. Limpiando zona.,-40.55000,0.0000,8721.10,XAUUSD+,81118671-d5ba-4d49-9fb3-4499b54a3d93
245,2026-06-29 15:14:03.796097+03,GRINDER,TimeStop Activado. Limpiando zona.,-115.30000,0.0000,8655.65,XAUUSD+,81118671-d5ba-4d49-9fb3-4499b54a3d93
246,2026-06-29 19:28:49.594815+03,GRINDER,TimeStop Activado. Limpiando zona.,-13.70000,0.0000,8708.25,XAUUSD+,81118671-d5ba-4d49-9fb3-4499b54a3d93
247,2026-06-29 23:04:21.56301+03,GRINDER,TimeStop Activado. Limpiando zona.,-33.05000,0.0000,8689.80,XAUUSD+,81118671-d5ba-4d49-9fb3-4499b54a3d93
248,2026-06-30 04:07:12.359502+03,VCB,Circuit breaker de volatilidad ACTIVADO.,0.00000,0.0000,8697.75,XAUUSD+,81118671-d5ba-4d49-9fb3-4499b54a3d93
249,2026-06-30 04:15:01.334509+03,VCB,Circuit breaker de volatilidad liberado.,0.00000,0.0000,690.83,XAUUSD+,81118671-d5ba-4d49-9fb3-4499b54a3d93
250,2026-06-30 04:26:49.06672+03,GRINDER,TimeStop Activado. Limpiando zona.,-125.60000,0.0000,569.67,XAUUSD+,81118671-d5ba-4d49-9fb3-4499b54a3d93
251,2026-06-30 06:29:47.376056+03,GRINDER,TimeStop Activado. Limpiando zona.,-38.10000,0.0000,642.93,XAUUSD+,81118671-d5ba-4d49-9fb3-4499b54a3d93
252,2026-06-30 07:20:50.489989+03,GRINDER,TimeStop Activado. Limpiando zona.,-71.75000,0.0000,581.03,XAUUSD+,81118671-d5ba-4d49-9fb3-4499b54a3d93
253,2026-06-30 10:23:55.296249+03,GRINDER,TimeStop Activado. Limpiando zona.,-36.65000,0.0000,776.24,XAUUSD+,81118671-d5ba-4d49-9fb3-4499b54a3d93
254,2026-06-30 11:51:51.850018+03,GRINDER,TimeStop Activado. Limpiando zona.,-98.05000,0.0000,717.60,XAUUSD+,81118671-d5ba-4d49-9fb3-4499b54a3d93
255,2026-06-30 18:43:45.717681+03,GRINDER,TimeStop Activado. Limpiando zona.,-51.35000,0.0000,1142.36,XAUUSD+,81118671-d5ba-4d49-9fb3-4499b54a3d93
256,2026-06-30 20:32:30.921865+03,HEALER,Amputacion Tactica. Lotes: 0.02,-839.25000,159.5160,1056.71,XAUUSD+,81118671-d5ba-4d49-9fb3-4499b54a3d93
257,2026-06-30 20:53:40.087182+03,HEALER,Amputacion Tactica. Lotes: 0.02,-656.24000,141.4440,954.03,XAUUSD+,81118671-d5ba-4d49-9fb3-4499b54a3d93
258,2026-07-01 01:47:08.711639+03,GRINDER,TimeStop Activado. Limpiando zona.,-11.75000,0.0000,1031.51,XAUUSD+,81118671-d5ba-4d49-9fb3-4499b54a3d93
259,2026-07-01 03:41:29.594403+03,UNWIND,Profit Banking. Money: 725.64,0.00000,0.0000,1791.19,XAUUSD+,81118671-d5ba-4d49-9fb3-4499b54a3d93
260,2026-07-01 04:10:42.230736+03,VCB,Circuit breaker de volatilidad ACTIVADO.,0.00000,0.0000,1860.20,XAUUSD+,81118671-d5ba-4d49-9fb3-4499b54a3d93
261,2026-07-01 04:15:00.486333+03,VCB,Circuit breaker de volatilidad liberado.,0.00000,0.0000,1870.64,XAUUSD+,81118671-d5ba-4d49-9fb3-4499b54a3d93
262,2026-07-01 05:58:07.368303+03,GRINDER,TimeStop Activado. Limpiando zona.,-23.90000,0.0000,1972.44,XAUUSD+,81118671-d5ba-4d49-9fb3-4499b54a3d93
263,2026-07-01 06:36:29.693701+03,HEALER,Amputacion Tactica. Lotes: 0.06,-1145.87000,642.9780,1341.84,XAUUSD+,81118671-d5ba-4d49-9fb3-4499b54a3d93
264,2026-07-01 06:36:29.758788+03,GRINDER,TimeStop Activado. Limpiando zona.,-520.85000,0.0000,812.72,XAUUSD+,81118671-d5ba-4d49-9fb3-4499b54a3d93
265,2026-07-01 06:36:30.863938+03,UNWIND,Profit Banking. Money: 122.28,0.00000,0.0000,935.18,XAUUSD+,81118671-d5ba-4d49-9fb3-4499b54a3d93
266,2026-07-01 06:36:32.37577+03,UNWIND,Profit Banking. Money: 122.08,0.00000,0.0000,1057.34,XAUUSD+,81118671-d5ba-4d49-9fb3-4499b54a3d93
267,2026-07-01 06:36:32.630983+03,EXITO,Cierre CICLO (Basket Profit Trail). PnL: -14.12,0.00000,0.0000,1043.12,XAUUSD+,81118671-d5ba-4d49-9fb3-4499b54a3d93
268,2026-07-01 10:08:15.430072+03,EXITO,Cierre CICLO (Basket Profit Trail). PnL: 7.32,0.00000,0.0000,1050.32,XAUUSD+,81118671-d5ba-4d49-9fb3-4499b54a3d93
269,2026-07-01 13:37:56.657781+03,HEALER,Amputacion Tactica. Lotes: 0.02,-65.02000,420.3990,985.00,XAUUSD+,81118671-d5ba-4d49-9fb3-4499b54a3d93
270,2026-07-01 13:37:56.792474+03,UNWIND,Profit Banking. Money: 30.94,0.00000,0.0000,1016.04,XAUUSD+,81118671-d5ba-4d49-9fb3-4499b54a3d93
271,2026-07-01 13:42:02.469271+03,EXITO,Cierre CICLO (Basket Profit Trail). PnL: 19.28,0.00000,0.0000,1035.20,XAUUSD+,81118671-d5ba-4d49-9fb3-4499b54a3d93
272,2026-07-01 16:30:15.033856+03,EXITO,Cierre CICLO (Basket Profit Trail). PnL: 7.20,0.00000,0.0000,1041.22,XAUUSD+,81118671-d5ba-4d49-9fb3-4499b54a3d93
273,2026-07-01 16:31:25.549777+03,EXITO,Cierre CICLO (Basket Profit Trail). PnL: 6.40,0.00000,0.0000,1047.46,XAUUSD+,81118671-d5ba-4d49-9fb3-4499b54a3d93
274,2026-07-01 16:40:15.485595+03,VCB,Circuit breaker de volatilidad ACTIVADO.,0.00000,0.0000,1047.46,XAUUSD+,81118671-d5ba-4d49-9fb3-4499b54a3d93
275,2026-07-01 16:45:01.35251+03,VCB,Circuit breaker de volatilidad liberado.,0.00000,0.0000,1047.46,XAUUSD+,81118671-d5ba-4d49-9fb3-4499b54a3d93
276,2026-07-01 19:52:00.702661+03,EXITO,Cierre CICLO (Basket Profit Trail). PnL: 4.74,0.00000,0.0000,1052.08,XAUUSD+,81118671-d5ba-4d49-9fb3-4499b54a3d93
277,2026-07-01 20:05:31.595632+03,EXITO,Cierre CICLO (Basket Profit Trail). PnL: 3.62,0.00000,0.0000,1055.58,XAUUSD+,81118671-d5ba-4d49-9fb3-4499b54a3d93
278,2026-07-01 20:56:31.498737+03,EXITO,Cierre CICLO (Basket Profit Trail). PnL: 4.28,0.00000,0.0000,1059.70,XAUUSD+,81118671-d5ba-4d49-9fb3-4499b54a3d93
279,2026-07-01 21:52:19.603918+03,EXITO,Cierre CICLO (Basket Profit Trail). PnL: 4.52,0.00000,0.0000,1064.10,XAUUSD+,81118671-d5ba-4d49-9fb3-4499b54a3d93
280,2026-07-01 22:25:20.964014+03,EXITO,Cierre CICLO (Basket Profit Trail). PnL: 4.28,0.00000,0.0000,1068.26,XAUUSD+,81118671-d5ba-4d49-9fb3-4499b54a3d93
281,2026-07-01 22:45:48.92544+03,EXITO,Cierre CICLO (Basket Profit Trail). PnL: 9.16,0.00000,0.0000,1077.30,XAUUSD+,81118671-d5ba-4d49-9fb3-4499b54a3d93
282,2026-07-01 22:52:19.8691+03,EXITO,Cierre CICLO (Basket Profit Trail). PnL: 21.72,0.00000,0.0000,1098.82,XAUUSD+,81118671-d5ba-4d49-9fb3-4499b54a3d93
283,2026-07-01 22:56:41.199195+03,EXITO,Cierre CICLO (Basket Profit Trail). PnL: 7.34,0.00000,0.0000,1106.04,XAUUSD+,81118671-d5ba-4d49-9fb3-4499b54a3d93
284,2026-07-01 22:57:33.697394+03,EXITO,Cierre CICLO (Basket Profit Trail). PnL: 4.62,0.00000,0.0000,1110.54,XAUUSD+,81118671-d5ba-4d49-9fb3-4499b54a3d93
285,2026-07-01 23:04:34.730528+03,EXITO,Cierre CICLO (Basket Profit Trail). PnL: 10.44,0.00000,0.0000,1120.86,XAUUSD+,81118671-d5ba-4d49-9fb3-4499b54a3d93
286,2026-07-02 03:42:55.744184+03,HEALER,Amputacion Tactica. Lotes: 0.02,-16.48000,123.7320,1104.06,XAUUSD+,81118671-d5ba-4d49-9fb3-4499b54a3d93
287,2026-07-02 03:47:21.406046+03,UNWIND,Profit Banking. Money: 30.52,0.00000,0.0000,1134.94,XAUUSD+,81118671-d5ba-4d49-9fb3-4499b54a3d93
288,2026-07-02 04:02:23.175718+03,UNWIND,Profit Banking. Money: 39.62,0.00000,0.0000,1174.56,XAUUSD+,81118671-d5ba-4d49-9fb3-4499b54a3d93
289,2026-07-02 06:21:30.89345+03,EXITO,Cierre CICLO (Rescue Mission Success). PnL: -11.13,0.00000,0.0000,1185.29,XAUUSD+,81118671-d5ba-4d49-9fb3-4499b54a3d93
290,2026-07-02 07:00:50.182152+03,EXITO,Cierre CICLO (Basket Profit Trail). PnL: 3.24,0.00000,0.0000,1188.41,XAUUSD+,81118671-d5ba-4d49-9fb3-4499b54a3d93
291,2026-07-02 08:37:53.193825+03,HEALER,Amputacion Tactica. Lotes: 0.02,-15.88000,75.8340,1172.21,XAUUSD+,81118671-d5ba-4d49-9fb3-4499b54a3d93
292,2026-07-02 09:02:06.102484+03,UNWIND,Profit Banking. Money: 33.96,0.00000,0.0000,1206.53,XAUUSD+,81118671-d5ba-4d49-9fb3-4499b54a3d93
293,2026-07-02 14:06:10.442739+03,HEALER,Amputacion Tactica. Lotes: 0.02,-26.14000,109.4760,1180.15,XAUUSD+,81118671-d5ba-4d49-9fb3-4499b54a3d93
294,2026-07-02 14:18:23.676809+03,EXITO,Cierre CICLO (Basket Profit Trail). PnL: -0.56,0.00000,0.0000,1179.87,XAUUSD+,81118671-d5ba-4d49-9fb3-4499b54a3d93
295,2026-07-02 15:30:07.564915+03,EXITO,Cierre CICLO (Basket Profit Trail). PnL: 14.48,0.00000,0.0000,1203.27,XAUUSD+,81118671-d5ba-4d49-9fb3-4499b54a3d93
296,2026-07-02 15:30:12.149179+03,VCB,Circuit breaker de volatilidad ACTIVADO.,0.00000,0.0000,1203.27,XAUUSD+,81118671-d5ba-4d49-9fb3-4499b54a3d93
297,2026-07-02 15:45:01.244522+03,VCB,Circuit breaker de volatilidad liberado.,0.00000,0.0000,1203.27,XAUUSD+,81118671-d5ba-4d49-9fb3-4499b54a3d93
298,2026-07-02 16:00:09.120854+03,EXITO,Cierre CICLO (Basket Profit Trail). PnL: 9.00,0.00000,0.0000,1214.61,XAUUSD+,81118671-d5ba-4d49-9fb3-4499b54a3d93
299,2026-07-02 16:36:05.051475+03,EXITO,Cierre CICLO (Basket Profit Trail). PnL: 15.10,0.00000,0.0000,1229.15,XAUUSD+,81118671-d5ba-4d49-9fb3-4499b54a3d93
300,2026-07-03 03:04:52.048447+03,EXITO,Cierre CICLO (Basket Profit Trail). PnL: 4.24,0.00000,0.0000,1233.25,XAUUSD+,81118671-d5ba-4d49-9fb3-4499b54a3d93
301,2026-07-03 03:21:32.904651+03,EXITO,Cierre CICLO (Basket Profit Trail). PnL: 3.86,0.00000,0.0000,1236.99,XAUUSD+,81118671-d5ba-4d49-9fb3-4499b54a3d93
302,2026-07-03 03:24:11.426672+03,EXITO,Cierre CICLO (Basket Profit Trail). PnL: 5.72,0.00000,0.0000,1242.61,XAUUSD+,81118671-d5ba-4d49-9fb3-4499b54a3d93
303,2026-07-03 03:51:14.473106+03,EXITO,Cierre CICLO (Basket Profit Trail). PnL: 12.42,0.00000,0.0000,1252.87,XAUUSD+,81118671-d5ba-4d49-9fb3-4499b54a3d93
304,2026-07-03 03:55:20.413808+03,EXITO,Cierre CICLO (Basket Profit Trail). PnL: 3.81,0.00000,0.0000,1256.50,XAUUSD+,81118671-d5ba-4d49-9fb3-4499b54a3d93
305,2026-07-03 03:57:02.018778+03,EXITO,Cierre CICLO (Basket Profit Trail). PnL: 4.35,0.00000,0.0000,1260.61,XAUUSD+,81118671-d5ba-4d49-9fb3-4499b54a3d93
306,2026-07-03 04:00:14.082874+03,EXITO,Cierre CICLO (Basket Profit Trail). PnL: 4.83,0.00000,0.0000,1263.64,XAUUSD+,81118671-d5ba-4d49-9fb3-4499b54a3d93
307,2026-07-03 04:02:36.61155+03,EXITO,Cierre CICLO (Basket Profit Trail). PnL: 10.35,0.00000,0.0000,1273.90,XAUUSD+,81118671-d5ba-4d49-9fb3-4499b54a3d93
308,2026-07-03 04:03:23.4954+03,EXITO,Cierre CICLO (Basket Profit Trail). PnL: 7.47,0.00000,0.0000,1282.18,XAUUSD+,81118671-d5ba-4d49-9fb3-4499b54a3d93
309,2026-07-03 04:09:27.73723+03,VCB,Circuit breaker de volatilidad ACTIVADO.,0.00000,0.0000,1282.18,XAUUSD+,81118671-d5ba-4d49-9fb3-4499b54a3d93
310,2026-07-03 04:15:00.725015+03,VCB,Circuit breaker de volatilidad liberado.,0.00000,0.0000,1282.18,XAUUSD+,81118671-d5ba-4d49-9fb3-4499b54a3d93
311,2026-07-03 04:49:41.030854+03,EXITO,Cierre CICLO (Basket Profit Trail). PnL: 11.28,0.00000,0.0000,1293.28,XAUUSD+,81118671-d5ba-4d49-9fb3-4499b54a3d93
312,2026-07-03 04:55:41.316769+03,EXITO,Cierre CICLO (Basket Profit Trail). PnL: 5.01,0.00000,0.0000,1298.11,XAUUSD+,81118671-d5ba-4d49-9fb3-4499b54a3d93
313,2026-07-03 05:32:41.602487+03,EXITO,Cierre CICLO (Basket Profit Trail). PnL: 4.98,0.00000,0.0000,1302.91,XAUUSD+,81118671-d5ba-4d49-9fb3-4499b54a3d93
314,2026-07-03 11:34:44.814208+03,EXITO,Cierre CICLO (Basket Profit Trail). PnL: 4.56,0.00000,0.0000,1307.29,XAUUSD+,81118671-d5ba-4d49-9fb3-4499b54a3d93
315,2026-07-03 13:08:53.860538+03,HEALER,Amputacion Tactica. Lotes: 0.03,-20.85000,126.2520,1285.99,XAUUSD+,81118671-d5ba-4d49-9fb3-4499b54a3d93
316,2026-07-03 14:15:08.955847+03,UNWIND,Profit Banking. Money: 31.38,0.00000,0.0000,1317.97,XAUUSD+,81118671-d5ba-4d49-9fb3-4499b54a3d93
317,2026-07-03 17:10:09.602778+03,HEALER,Amputacion Tactica. Lotes: 0.01,-79.56000,28.9440,1304.44,XAUUSD+,81118671-d5ba-4d49-9fb3-4499b54a3d93
318,2026-07-03 17:59:11.58144+03,UNWIND,Profit Banking. Money: 33.12,0.00000,0.0000,1336.36,XAUUSD+,81118671-d5ba-4d49-9fb3-4499b54a3d93
319,2026-07-03 17:59:11.700154+03,EXITO,Cierre CICLO (Basket Profit Trail). PnL: -21.01,0.00000,0.0000,1315.18,XAUUSD+,81118671-d5ba-4d49-9fb3-4499b54a3d93
320,2026-07-06 10:50:14.881848+03,EXITO,Cierre CICLO (Basket Profit Trail). PnL: 4.80,0.00000,0.0000,1319.80,XAUUSD+,81118671-d5ba-4d49-9fb3-4499b54a3d93
321,2026-07-06 13:19:01.003802+03,UNWIND,Profit Banking. Money: 48.78,0.00000,0.0000,1368.76,XAUUSD+,81118671-d5ba-4d49-9fb3-4499b54a3d93
322,2026-07-06 16:14:25.637905+03,HEALER,Amputacion Tactica. Lotes: 0.01,-71.31000,44.5500,1385.81,XAUUSD+,81118671-d5ba-4d49-9fb3-4499b54a3d93
323,2026-07-06 16:22:59.504157+03,UNWIND,Profit Banking. Money: 31.44,0.00000,0.0000,1417.79,XAUUSD+,81118671-d5ba-4d49-9fb3-4499b54a3d93
324,2026-07-06 16:50:00.939221+03,UNWIND,Profit Banking. Money: 33.12,0.00000,0.0000,1450.85,XAUUSD+,81118671-d5ba-4d49-9fb3-4499b54a3d93
325,2026-07-06 17:02:09.931545+03,UNWIND,Profit Banking. Money: 32.22,0.00000,0.0000,1481.09,XAUUSD+,81118671-d5ba-4d49-9fb3-4499b54a3d93
326,2026-07-06 17:10:44.61152+03,UNWIND,Profit Banking. Money: 30.36,0.00000,0.0000,1511.81,XAUUSD+,81118671-d5ba-4d49-9fb3-4499b54a3d93
327,2026-07-06 18:08:05.220791+03,UNWIND,Profit Banking. Money: 31.26,0.00000,0.0000,1543.43,XAUUSD+,81118671-d5ba-4d49-9fb3-4499b54a3d93
328,2026-07-06 18:28:07.119484+03,UNWIND,Profit Banking. Money: 33.42,0.00000,0.0000,1577.21,XAUUSD+,81118671-d5ba-4d49-9fb3-4499b54a3d93
329,2026-07-06 20:24:03.414269+03,HEALER,Amputacion Tactica. Lotes: 0.03,-26.88000,152.1180,1550.06,XAUUSD+,81118671-d5ba-4d49-9fb3-4499b54a3d93
330,2026-07-06 20:52:20.265962+03,EXITO,Cierre CICLO (Basket Profit Trail). PnL: -0.04,0.00000,0.0000,1549.66,XAUUSD+,81118671-d5ba-4d49-9fb3-4499b54a3d93
331,2026-07-06 21:27:51.160325+03,EXITO,Cierre CICLO (Basket Profit Trail). PnL: 6.78,0.00000,0.0000,1556.44,XAUUSD+,81118671-d5ba-4d49-9fb3-4499b54a3d93
332,2026-07-06 21:36:59.058456+03,EXITO,Cierre CICLO (Basket Profit Trail). PnL: 12.90,0.00000,0.0000,1569.16,XAUUSD+,81118671-d5ba-4d49-9fb3-4499b54a3d93
